AA,avg AUC ROC,std AUC ROC,avg AUC PR,std AUC PR,avg MCC,std MCC
Hydroxylation-K,0.848,0.052,0.631,0.128,0.526,0.139
Hydroxylation-P,0.87,0.03,0.608,0.064,0.513,0.063
Pyrrolidone carb. acid,0.957,0.012,0.84,0.048,0.698,0.068
Methylation-R,0.828,0.006,0.412,0.016,0.287,0.016
Sumoylation,0.826,0.007,0.545,0.015,0.356,0.011
S-palmitoylation-C,0.783,0.01,0.463,0.018,0.349,0.018
Methylation-K,0.838,0.004,0.385,0.014,0.312,0.011
O-linked Glycosylation,0.734,0.01,0.199,0.015,0.161,0.014
N-linked Glycosylation,0.98,0.001,0.906,0.005,0.851,0.004
Acetylation,0.857,0.001,0.538,0.004,0.402,0.006
Phosphorylation-Y,0.8,0.002,0.5,0.004,0.362,0.004
Ubiquitination,0.813,0.002,0.61,0.005,0.423,0.005
Phosphorylation-S/T,0.875,0.001,0.644,0.003,0.472,0.003
